"","omega","class","coords","pval.adj"
"1",280.862305,"possum",1276639,0.000962098828170174
"2",127.957848,"7",1103744,3.80749243025641e-11
"3",127.957848,"7",1104613,3.80749243025641e-11
"4",127.957848,"7",1105483,3.80749243025641e-11
"5",75.974892,"7",3090850,0.00677668328543652
"6",75.974892,"7",3091719,0.00677668328543652
"7",75.974892,"7",3092588,0.00677668328543652
"8",86.445427,"7",3488097,0.000350390797763407
